Priority,FunIndex
PRIORITY,15.765024422030967
NORMAL,0.509704860369177
