SmallGroupSize,SmallPercentageSize,CenterName,MultipliedRho,Interval,Rho
1,0.0,Skull_Island,63.13160663529007,0.08251116432452697,0.9565394944740919
1,0.0,Storm_Force,53.955572486802915,0.35101859663878743,0.8992595414467153
1,0.0,Harry_Potter_Journey,183.11432973126844,0.12927487666294762,0.974012392187598
1,0.0,Jurassic_World_VelociCoaster,93.17005344481404,0.057140112265275295,0.9705213900501463
1,0.0,Incredible_Hulk_Coaster,29.817363600465573,0.05296763377553422,0.9317926125145491
1,0.0,Doctor_Doom_Fearfall,29.824830325467307,0.044065076402277,0.9320259476708533
1,0.0,Flight_Hippogriff,12.090041898935969,0.034968052336908424,0.8635744213525692
