SmallSeatsPercentage,PoissonParam,Priority,FunIndex,ConfInterval
0.017,3.0,SMALL,1.7348817669531251,0.020977947013466704
0.017,3.0,NORMAL + SMALL,1.8611172101048439,0.015189936976506132
0.017,3.0,PRIORITY,2.2174634241464446,0.014531245399736619
0.017,3.0,NORMAL,2.221000328508657,0.01208861552782164
0.0,3.0,SMALL,1.7348817669531251,0.020977947013466704
0.0,3.0,NORMAL + SMALL,1.8611172101048439,0.015189936976506132
0.0,3.0,PRIORITY,2.2174634241464446,0.014531245399736619
0.0,3.0,NORMAL,2.221000328508657,0.01208861552782164
