SmallSeatsPercentage,PoissonParam,Priority,FunIndex,ConfInterval
0.1,3.0,SMALL,1.8130104395993787,0.017628417043548204
0.1,3.0,NORMAL + SMALL,1.8274484612825563,0.016806631902130633
0.1,3.0,PRIORITY,2.2040929553162454,0.01331856779423325
0.1,3.0,NORMAL,2.2102768033390277,0.03882453147262532
0.0,3.0,SMALL,1.8105302831358832,0.017451755927397703
0.0,3.0,NORMAL + SMALL,1.8254316283776029,0.01648700447365254
0.0,3.0,PRIORITY,2.2147004807397335,0.014685085688409438
0.0,3.0,NORMAL,2.2243375829420273,0.03418495963856846
